Bricks,Edges,Ours,Baseline
5,0,0.0,0.0010304999327908665
28,0,0.0,0.12822551245585326
28,16,0.128,0.12822551245585326
32,0,0.0009999275207519531,0.18735958130213748
35,9,0.07299372863769532,0.24050308288381594
40,0,0.0,0.3480967202223318
41,0,0.0,0.37301539344620227
46,0,0.0010056495666503906,0.5158238407375336
47,0,0.0,0.5467716115651833
54,0,0.0,0.8065559199125242
60,11,0.088,1.083316746412756
64,0,0.0010190010070800781,1.2989030136075266
69,43,0.34400000000000003,1.6021730038051707
78,62,0.49700302696228027,2.259382112252828
88,53,0.42500016593933104,3.1667998955809953
96,65,0.5209996891021729,4.040162956292435
97,49,0.39300016593933107,4.159079886808792
98,1,0.009000404357910156,4.2802238817119145
102,68,0.5459948482513428,4.788432835345493
106,69,0.5529994506835938,5.331750221618909
106,60,0.48099992752075194,5.331750698456068
109,35,0.2819922256469727,5.766021128923683
111,66,0.5290044574737549,6.066081141449256
112,0,0.001007080078125,6.220320151394033
114,0,0.0025110244750976562,6.537811188880015
115,1,0.010002716064453125,6.699089220566787
116,61,0.48899873542785643,6.862423813067506
116,71,0.5690001659393311,6.862425243578981
117,60,0.48200748443603514,7.030341107576611
119,64,0.5130075569152832,7.370938992958774
121,5,0.042013206481933595,7.7240344586880765
122,12,0.09700016593933106,7.903044856575417
122,93,0.744999927520752,7.903044618156838
123,0,0.0010004043579101562,8.085744310739413
124,60,0.48100111961364744,8.271137550840782
126,77,0.616995397567749,8.650066790778569
127,81,0.6497983913421631,8.844447143934834
127,100,0.800999927520752,8.843648680113423
128,124,0.9935954971313476,9.040584763230168
128,124,0.9935542507171631,9.040543516815983
128,124,0.9940005702972412,9.040989836396061
128,124,0.992999927520752,9.039989193619572
128,124,0.9939991397857666,9.040988405884587
128,124,0.9938236637115478,9.040812929810368
128,124,0.9940129680633545,9.041002234162175
128,124,0.9939986629486084,9.040987929047429
128,124,0.9949971599578857,9.041986426056706
128,124,0.9936553401947021,9.040644606293522
128,124,0.9939874572753906,9.04097672337421
128,124,0.9937478466033935,9.040737112702214
128,124,0.9940074844360351,9.040996750534855
128,124,0.9940508766174316,9.041040142716252
128,124,0.9941963119506836,9.041185578049504
129,33,0.2650056495666504,9.23911597536467
133,10,0.0819993782043457,10.064746300967432
137,90,0.7220027160644531,10.935259384341576
138,2,0.018000093460083008,11.160180981143558
138,67,0.5380077228546143,11.16018861053809
138,16,0.12991569328308106,11.160096580966556
138,9,0.07400247764587403,11.160183365329349
138,92,0.7379965171813965,11.160177404864871
139,11,0.09049195098876953,11.388550071746955
139,13,0.10600033187866212,11.388058452636848
139,9,0.07400748443603516,11.388065605194221
139,12,0.09799341773986817,11.388051538498054
140,12,0.09799651718139649,11.618901991263076
140,15,0.1220003318786621,11.618905805960342
140,15,0.12202584266662597,11.618931316748306
140,22,0.17823612785339354,11.619141601935073
141,10,0.08209259986877442,11.852832629506596
141,11,0.09000843811035156,11.852748467748173
141,9,0.07400223922729493,11.852742268865116
141,7,0.05800295448303223,11.852742984120853
141,10,0.08200366973876953,11.85274369937659
142,0,0.0019953250885009766,12.089574170113073
142,14,0.11400009346008301,12.089578938484655
143,27,0.21789781188964844,12.32933676555106
143,23,0.18600438499450683,12.329443338655919
145,14,0.1139993782043457,12.81829044289717
145,17,0.1379984245300293,12.818289489222854
145,129,1.034007246017456,12.818298310710281
146,9,0.07399985504150391,13.067316869897489
147,11,0.09099930572509765,13.320431459924457
147,10,0.08299930572509766,13.320431459924457
148,96,0.7699974708557129,13.574650869106776
148,11,0.0900003318786621,13.574653730129725
148,15,0.12208330154418945,13.574736699795253
148,7,0.0579984245300293,13.574651822781092
148,11,0.09000653076171874,13.574659929012782
149,9,0.0749735565185547,13.833971196058673
150,8,0.06599246406555176,14.09447421184839
150,10,0.08199985504150391,14.094481602824342
150,14,0.11499787521362305,14.09547962299646
151,19,0.15412788581848144,14.359250455884885
152,16,0.13000366973876953,14.626940600768583
153,10,0.08200414657592774,14.897945779618073
153,14,0.1137383098602295,14.897679942902375
154,36,0.2900074844360352,15.17216094081431
154,19,0.1541069049835205,15.172260361361795
155,21,0.17000724601745607,15.449596405409496
155,13,0.10699763679504395,15.450586796187084
156,50,0.40299167633056643,15.73125715501754
156,13,0.1069895305633545,15.731255009250328
157,11,0.09024184989929199,16.014440979183846
158,19,0.1545942325592041,16.30200103734936
158,17,0.13800653076171876,16.301413335551874
159,25,0.20199985504150392,16.591905032598117
159,72,0.5779946098327637,16.591899787389377
159,11,0.0899996166229248,16.591904794179538
159,56,0.45099835205078126,16.592903529607394
160,155,1.2430057430267334,16.886716641872276
160,155,1.2430019283294678,16.88671282717501
164,36,0.2910002593994141,18.0953398245131
165,35,0.28400257110595706,18.40693364186732
166,8,0.06699978256225586,18.719929180905996
166,16,0.13101003456115723,18.719939432904898
166,16,0.1310076503753662,18.719937048719107
168,0,0.003089427947998047,19.358301959215158
171,56,0.4510033588409424,20.34160380992238
171,92,0.7400018558502197,20.342602306931656
171,39,0.31600447845458984,20.342604929536027
171,54,0.43504722785949707,20.341647678940934
172,23,0.18650077247619629,20.675886459114157
173,2,0.018999544143676758,21.014692431484892
173,18,0.14752478027343752,21.015217667614653
173,24,0.1950057430267334,21.01469863036795
174,12,0.0990055046081543,21.35654392954909
175,35,0.28299191474914553,21.70193056701981
177,38,0.3063837089538574,22.40285220260792
179,34,0.27600376319885256,23.12041662394883
180,25,0.20300645828247071,23.48283763448493
180,50,0.40299811363220217,23.482829289834662
182,171,1.3709985904693605,24.220639871597832
183,37,0.29999208068847655,24.596057581335767
185,61,0.49200424003601073,25.35603745527262
186,9,0.07580063056945802,25.741409664473295
189,58,0.46817065620422366,26.921068566647925
189,38,0.3080004253387451,26.920898335782447
190,65,0.5229990673065186,27.32056741352135
191,40,0.3230055046081543,27.725058150683118
192,19,0.15499739837646484,28.133364258356433
194,11,0.0920297508239746,28.962578896688772
195,108,0.8680059089660644,29.38245514315284
197,19,0.15599589538574218,30.233943114028094
200,28,0.2279982795715332,31.54067625582784
201,15,0.12500011444091796,31.985181041496787
202,138,1.1080009021759034,32.43167428669401
203,46,0.37200733947753906,32.88317855888297
207,30,0.24502848625183105,34.73056168693718
207,29,0.23600710105895997,34.72954030174431
209,48,0.3890005912780762,35.67815854128197
210,74,0.5970134658813476,36.15814996635947
211,10,0.0850199031829834,36.64226673991474
215,64,0.5170005912780762,38.620321061082336
218,26,0.2130172805786133,40.14804614940005
218,50,0.4049989223480225,40.14802779116946
219,83,0.6690058364868164,40.66576446226424
221,144,1.1570055980682374,41.71405788971795
221,144,1.1580126781463624,41.715064969796074
221,16,0.13302467155456543,41.71407696320428
221,37,0.3010840377807617,41.714136329430474
222,9,0.0770034523010254,42.2446508416535
223,18,0.1500093402862549,42.780571439492455
224,113,0.909007266998291,43.31881924739038
224,77,0.621007266998291,43.31881924739038
225,6,0.0539661865234375,43.863378764666535
226,64,0.5170101280212402,44.410389551839835
228,142,1.1405852661132814,45.51905918156891
228,72,0.5819986114501954,45.52047252690583
228,53,0.4290063133239746,45.51948022877961
231,139,1.116990816116333,47.21624082286554
231,36,0.29300631332397464,47.21625632007318
231,144,1.1580126781463624,47.217262684895566
234,133,1.0700057640075684,48.954164121272505
235,24,0.19730505180358887,49.54142314414422
236,142,1.1420005187988282,50.13459916060914
236,60,0.4854938793182373,50.13409252112855
237,85,0.6869971084594727,50.73261249761135
237,136,1.0946087245941163,50.73222411374599
238,127,1.021448341369629,51.332632046181416
239,79,0.6383431262969971,51.93966207256807
240,116,0.9339986114501954,52.55003506956085
240,9,0.07763669204711915,52.54967315015777
242,117,0.9420098171234131,53.785289424265
242,100,0.8059993267059327,53.78527893384752
244,23,0.19000647926330566,55.039042132258416
244,96,0.7750013999938965,55.04003705298901
245,78,0.6299998035430908,55.67289404198797
245,91,0.7350004463195801,55.67389468476446
246,54,0.4380000419616699,56.31142693640426
246,10,0.08500750541687012,56.31043439985946
246,75,0.606007194519043,56.31143408896163
246,91,0.735007360458374,56.312434254900964
247,14,0.11851836395263672,56.95516724100117
247,60,0.48699996948242186,56.955648846530956
248,161,1.2951251392364502,57.603700569161084
249,124,0.9980892105102539,58.25531099490497
252,91,0.7340064792633056,60.24163826604788
253,24,0.19899901580810547,60.91430843199191
254,91,0.7337201385498047,61.58950295934436
256,147,1.1840657005310058,62.95924327837058
256,121,0.9750021152496338,62.95817969308921
259,111,0.8949985389709473,65.04561514312624
259,107,0.8630071220397949,65.04562372619509
259,39,0.3190052146911621,65.04562181884646
260,111,0.8954198246002197,65.75160239812794
261,74,0.599098913192749,66.46174909240673
263,59,0.4795526237487793,67.89790321642239
263,168,1.3502520503997804,67.8966026430734
263,103,0.8310011615753174,67.89735175424893
264,111,0.8959944133758545,68.62360793157781
266,72,0.5819983730316163,70.08703838837357
266,76,0.6149963932037353,70.08803640854569
267,48,0.39200061225891114,70.82923424846487
268,121,0.9749994926452636,71.57343367856495
269,140,1.127007122039795,72.32366378295359
269,90,0.7270126056671142,72.32366926658091
270,58,0.4709994926452637,73.07891553907695
270,137,1.1039994201660157,73.0799154665977
271,68,0.5509983005523682,73.83922561713177
271,120,0.9691192722320556,73.84134658881146
272,144,1.159507085800171,74.60511252017533
273,162,1.304000373840332,75.37606572563861
273,60,0.4879984664916992,75.37606381828998
276,12,0.10404901123046875,77.71813426829362
276,157,1.2639998970031738,77.71808515406633
276,60,0.48700211524963377,77.71708737231279
276,140,1.1269980621337892,77.71708331919695
277,69,0.5600280303955079,78.50904970410464
277,104,0.8400008506774903,78.50902252438662
278,74,0.6000101490020752,79.30512463498964
279,61,0.4962223415374756,80.10660092219128
280,34,0.2800041885375977,80.91283302229468
280,51,0.41542101669311526,80.9122498504502
280,113,0.9119958438873291,80.91282467764441
281,122,0.985007453918457,81.72548756460503
281,118,0.9530117454528809,81.72549185613946
281,131,1.0560065727233887,81.72448668340996
281,71,0.5754307918548585,81.72391090254143
282,117,0.9439922676086426,82.54133953382569
283,114,0.9199910755157471,83.36343622006996
283,137,1.1040018043518067,83.36344694890602
283,123,0.9930053081512451,83.36445045270546
284,129,1.040530855178833,84.19131943455847
284,149,1.1999975128173828,84.19078609219702
285,82,0.6640080032348633,85.0234003971302
286,68,0.550995439529419,85.86026684039761
286,23,0.19200299644470215,85.8612743973129
287,49,0.39999822807312013,86.70443863074675
287,80,0.6490069770812988,86.70544737975493
287,39,0.3199996585845947,86.70444006125823
287,155,1.247941484451294,86.70438188712492
288,109,0.8799991817474365,87.55291337308684
288,78,0.6339985599517822,87.55491275129118
289,48,0.3920866813659668,88.40679422995473
289,148,1.1925046291351318,88.40721217772389
290,33,0.2719922676086426,89.26582751349201
290,73,0.5922767009735107,89.26611194685688
290,38,0.3119975128173828,89.26583275870075
290,161,1.2959984664916993,89.26583371237507
292,176,1.4160080032348632,91.00016069863736
293,175,1.409751319885254,91.87712325950949
293,170,1.3690041160583497,91.87637605568258
293,150,1.2080001354217529,91.87537207504599
294,123,0.9925241794586181,92.75650868742797
296,131,1.0570019702911377,94.53445046045526
296,65,0.529026050567627,94.53447454073175
296,127,1.0249991092681885,94.53444759943231
296,148,1.193526491165161,94.53497498132928
296,179,1.4410072154998779,94.534455705664
297,148,1.1940228786468505,95.4323521942417
297,174,1.4020064277648927,95.43233574335974
297,179,1.441009838104248,95.4313391536991
297,44,0.36099958610534666,95.4313289017002
298,164,1.3209645385742188,96.33362682696632
298,167,1.3620496139526368,96.35071190234474
299,168,1.353004831314087,97.24146692085625
299,83,0.6720003738403321,97.2404624633825
301,134,1.0810157985687256,99.07353665020527
302,154,1.2410808868408203,99.99789001230326
302,58,0.47332812690734866,99.99813725236979
303,153,1.233014368057251,100.92763722153967
303,192,1.5462267265319825,100.9288495800144
304,145,1.1690057849884032,101.86298245281473
304,96,0.7769995861053467,101.86297625393168
304,93,0.7530146064758301,101.86299127430216
304,149,1.2010024471282958,101.86297911495463
305,94,0.7610022087097168,102.8038873996787
305,141,1.1370155601501466,102.80390075111913
305,162,1.304995532989502,102.80388072395849
306,241,1.937005308151245,103.75036834391943
306,147,1.1860011825561523,103.75136421832434
307,46,0.37800261306762695,104.70342741857043
307,61,0.4979987983703613,104.70342360387316
307,120,0.9690014934539795,104.70242629895678
308,153,1.2330000629425049,105.66008515685249
308,138,1.1141540088653565,105.66123910277534
310,118,0.9540069046020508,107.59326645880878
310,195,1.5699992752075196,107.59325882941425
310,90,0.7300083351135254,107.59326788932026
311,126,1.018012149810791,108.56781501600801
311,170,1.3700185871124269,108.56782145330965
311,172,1.3849983940124513,108.56680126020967
312,70,0.5700107192993165,109.54801369643472
312,93,0.7539947452545166,109.54799772238992
313,147,1.1849993476867675,110.53287378129154
314,155,1.2501327896118164,111.52556456247882
315,166,1.3379997520446778,112.52268927494242
316,171,1.378002613067627,113.5256648154896
316,190,1.5299120140075684,113.52557421642955
317,23,0.19299362564086914,114.53335794659033
317,162,1.3059918842315674,114.53435620518103
318,140,1.1299501609802247,115.54876053978977
318,135,1.0893164443969727,115.54812682320652
318,163,1.314007381439209,115.54881776024875
318,109,0.8830015869140625,115.5498119657236
319,136,1.099084794998169,116.57009966218409
320,179,1.442120391845703,117.59511265999687
321,22,0.18699872589111327,118.6277557805922
321,199,1.601913444519043,118.62667049922013
322,66,0.5379995136260987,119.66432320441461
323,146,1.1781938247680663,120.70790045612543
324,234,1.8821816654205323,121.75710198779653
324,189,1.5231348628997803,121.75805518527578
324,133,1.0745335712432862,121.75745389361929
324,153,1.2339997520446777,121.75692007442068
324,69,0.5621811885833741,121.75710151095937
325,155,1.2499995136260986,122.81197871449687
325,187,1.5060054740905762,122.81198467496135
325,128,1.0349331607818604,122.81291236165264
326,32,0.26600118255615235,123.87289887751494
327,186,1.4986048583984375,124.94029508227972
327,71,0.5780078582763672,124.93969808215765
328,183,1.4739925994873047,126.01236379752308
328,186,1.498012149810791,126.01238334784657
328,74,0.603005163192749,126.01337636122852
328,181,1.4589567642211914,126.01332796225697
328,233,1.8930529727935792,126.03142417082935
329,166,1.339007308959961,127.09196232796884
330,87,0.7060004673004151,128.1754565469088
330,156,1.258998249053955,128.17645432866235
331,85,0.6910058784484864,129.26689464234371
332,180,1.4515072727203369,130.36377471993575
332,224,1.8029946727752686,130.36326211999068
332,87,0.706007381439209,130.36227482865462
333,167,1.347005163192749,131.4656116594242
333,135,1.0909944343566895,131.46560093058815
333,205,1.6515041732788087,131.46611066951027
333,174,1.4032171173095704,131.46582361354103
334,56,0.4779344062805176,132.5928546752344
334,144,1.1645157833099367,132.57543605226383
334,134,1.0830063552856446,132.57392662423953
336,171,1.3800062828063966,134.809535657293
336,137,1.1076255283355714,134.80915490282217
338,123,0.9990020122528076,137.071211468289
339,166,1.3390058784484864,138.2056177952458
340,100,0.811375904083252,139.3504509734495
340,186,1.4989360218048096,139.35001109117107
340,222,1.7879991302490235,139.35107419961528
340,216,1.7405157833099365,139.3515908526762
341,193,1.5560022296905518,140.50161544174128
341,244,1.9640041370391845,140.5016173490899
341,154,1.2437430686950683,140.5013562807458
341,193,1.5570093097686768,140.5026225218194
341,164,1.3230058784484864,140.5006190904992
342,252,2.028965440750122,141.6592060755001
342,252,2.026997533798218,141.6572381685482
343,190,1.5320084285736084,142.82098004755812
344,207,1.667997699737549,143.98981813766318
345,64,0.5250031108856201,145.16580446730993
346,123,0.995995792388916,146.3459244234294
346,166,1.339901617050171,146.34583024809066
346,176,1.419080503463745,146.34500913450424
346,96,0.7796972923278809,146.34562592336837
346,85,0.692007474899292,146.34593610593978
347,184,1.4845212669372558,147.53373777700904
347,110,0.8922973918914795,147.53351390196326
348,42,0.3480015144348145,148.72668074801692
348,213,1.7160234489440918,148.7267026825262
348,252,2.0280067596435547,148.72668599322566
348,86,0.7000005607604981,148.7266797943426
349,163,1.3156465091705323,149.9259775426008
349,223,1.7960060443878174,149.9263370778181
350,180,1.4520134353637695,151.1321995686619
350,160,1.2920255947113037,151.13221172800942
351,252,2.028000799179077,152.34425954789782
351,120,0.9720265483856201,152.34428529710436
351,194,1.5640067596435547,152.3442655083623
351,78,0.6360024681091309,152.34426121682787
351,147,1.189519287109375,152.34577803582812
352,208,1.676096405029297,153.56265949213358
354,246,2.00505358505249,156.04297730703348
354,68,0.5560062828063965,156.0179300047874
355,110,0.8925291347503662,157.25553752769153
356,207,1.6691816864013673,158.4995632222603
356,189,1.5250071640014649,158.4993886998604
356,244,1.9640055675506591,158.49838710340958
356,181,1.4614484767913818,158.4998300126503
356,214,1.7239740962982177,158.49835563215714
357,242,1.9486607418060302,159.74871805976105
357,62,0.5090054950714111,159.74906281302643
358,128,1.0370198001861572,161.00506969867942
358,102,0.8281016502380372,161.0041515487313
358,146,1.1808397941589355,161.0048896926522
359,211,1.6999996070861816,162.26637303589365
359,211,1.701275146484375,162.26764857529184
359,44,0.36517596435546873,162.26754939316294
360,221,1.7799960308074951,163.53503808313508
360,145,1.1738778686523437,163.53691992097993
360,159,1.2840058059692383,163.53504785829682
360,211,1.7009978656768798,163.53603991800446
360,71,0.581007402420044,163.53604945474763
360,151,1.2200007991790771,163.53504285150666
361,97,0.7889976272583008,164.8110675318649
361,121,0.9966803245544433,164.82675022916104
363,210,1.6929587650299072,167.38021856345446
363,240,1.9350132179260253,167.38227301635058
363,194,1.565007640838623,167.38026743926318
363,157,1.2690069255828857,167.38026672400744
364,232,1.869998031616211,168.67544810353508
364,220,1.7730071640014649,168.67445723592033
366,107,0.8703101215362549,171.28340191516565
366,109,0.8853965015411377,171.28248829517054
367,187,1.5090064487457275,172.59557787598456
367,112,0.9089990577697754,172.5955704850086
367,90,0.7329919052124023,172.59556333245123
369,40,0.33399946212768555,175.24291810781295
369,242,1.9499548778533935,175.24287352353866
369,163,1.318007329940796,175.24292597562606
370,187,1.509998031616211,176.57581240142645
370,229,1.8458118267059327,176.57562619651617
371,250,2.015007257461548,177.91621750813704
371,148,1.198000415802002,177.9152106664775
372,226,1.8219930248260499,179.2611133637092
372,154,1.2459944553375244,179.26111479422067
373,118,0.958012098312378,180.61357077577506
373,236,1.9019939785003663,180.61355265596305
373,242,1.949956069946289,180.61351474740897
374,98,0.7980006542205811,181.97253995611624
374,87,0.7100075683593751,181.97254687025503
375,24,0.20606264305114746,183.33813888319108
375,221,1.7820023231506348,183.33807856329057
376,241,1.9419222145080566,184.71010572716168
376,212,1.7112580738067626,184.71144158646038
376,263,2.1174572982788087,184.70964081093243
379,204,1.6459958858489991,188.86606331425176
379,121,0.982007568359375,188.86607499676214
379,72,0.5900075683593751,188.86607499676214
379,51,0.42092562484741214,188.86499305325017
380,172,1.3900101909637452,190.26460628438525
381,142,1.1500364170074464,191.66980150034914
382,125,1.0149991512298584,193.08258752535278
382,152,1.2300070915222168,193.08159546564514
383,93,0.7589939060211182,194.50107384041146
383,34,0.286007568359375,194.50008750274972
384,156,1.2640002708435059,195.92725399630095
384,87,0.7100061378479005,195.92525986330534
387,170,1.375007495880127,200.24201548327932
387,92,0.7509996280670166,200.2420076154662
388,98,0.7980001773834229,201.69305034675213
389,161,1.3029974822998047,203.15284176212953
391,231,1.862953374862671,206.0906973256182
391,314,2.5269993896484375,206.09074334040398
392,255,2.0550060653686524,207.5698833909909
392,192,1.5500008926391602,207.5688782182614
393,171,1.3829996280670167,209.05581788589507
394,115,0.9349919986724854,210.54857263548203
394,96,0.783000581741333,210.54858121855088
395,209,1.6880932540893554,212.04927159902618
396,99,0.8069984359741211,213.55462369350892
396,186,1.5035227184295654,213.55514797596436
397,247,1.9919990787506103,215.06893432165523
397,107,0.8720050392150879,215.0689402821197
397,140,1.1355155658721925,215.06845080877682
397,163,1.320010046005249,215.06894528890987
399,179,1.4480191059112548,218.11621897608467
399,192,1.551516757965088,218.1157166281385
399,105,0.8551147842407226,218.11531465441414
400,93,0.7590001049041748,219.64918231865136
400,68,0.5602086486816407,219.65039086242882
401,200,1.6160033702850343,221.19108640376908
401,259,2.0882086486816407,221.19129168216568
402,94,0.7679900188446045,222.73890618172823
403,124,1.0079921646118164,224.29368759315918
404,91,0.7440648822784424,225.85549953247823
406,75,0.6156450271606445,228.9994932332655
406,255,2.0560062313079834,228.99985443741284
408,263,2.1210059204101563,232.17327317203527
408,194,1.568118049621582,232.1723853012467
409,121,0.984993761062622,233.77000707087402
410,125,1.0163955688476562,235.37319766789778
411,107,0.8730433521270752,236.98469074361932
411,82,0.6730125961303711,236.98465998762262
412,237,1.9133895359039308,238.60295248847623
412,88,0.7200002708435058,238.6015632234158
413,156,1.265371654510498,240.22793419553832
413,104,0.8480219669342042,240.22658450796203
413,60,0.49700949668884276,240.22757203771667
414,237,1.9130071125030519,241.85966702142213
415,128,1.0420823802947998,243.49995118194306
418,96,0.7852889232635498,248.4595909066835
420,137,1.1130061588287354,251.80207292213183
420,219,1.7690114040374756,251.80207816734057
421,175,1.4179991722106935,253.48523226028743
426,131,1.0660001258850098,262.0044519646686
428,108,0.8820068016052246,265.46298212757796
428,169,1.3700079936981202,265.46298331967085
429,130,1.0590069675445557,267.2041921180283
429,128,1.0430083980560303,267.20419354853976
430,126,1.025613410949707,268.9503253057373
430,78,0.643000768661499,268.9517126634491
432,137,1.113784357070923,272.4675550592237
432,70,0.5779977416992188,272.467768443852
435,229,1.8508803672790528,277.79945700889965
435,129,1.0499996490478516,277.79857629066845
436,97,0.7955140838623047,279.5918052371829
437,116,0.9469998149871827,281.39041775721813
438,107,0.8739998874664306,283.1959704932126
440,226,1.8263234214782715,286.83173133655635
441,138,1.1239990272521974,288.66231875189567
441,350,2.8188250541687014,288.6611447788122
442,138,1.1230072059631349,290.4977189423083
443,225,1.8199589729309082,292.34255648957003
444,144,1.170993139266968,294.1929837651106
445,224,1.812007848739624,296.0529124668963
445,107,0.8762949047088623,296.05319952286555
445,207,1.6750067291259767,296.05191134728267
445,150,1.2204007625579834,296.0533053807147
446,140,1.1389013481140138,297.91825438978594
446,235,1.899930124282837,297.91928316595477
447,210,1.7001435089111328,299.79349294730656
449,216,1.7474940567016601,303.5635343458527
449,167,1.35599831199646,303.5640386011475
451,198,1.6029998149871827,307.3640852003259
452,157,1.276005464553833,309.277030030821
452,205,1.6600061798095704,309.2770307460767
453,208,1.6850156440734865,311.1976084895838
454,206,1.6679973583221437,313.1238010812367
457,175,1.4199995040893556,318.95142635735795
458,153,1.2450003852844238,320.9103433881232
459,78,0.6440095176696777,322.87497867840193
459,211,1.7088597183227539,322.875828879055
460,240,1.9415029716491699,324.84982176292596
460,146,1.1885070972442626,324.84882588852105
462,147,1.196524501800537,328.8187668001178
463,159,1.2919995040893555,330.8148425782914
463,318,2.5655234756469727,330.816366549849
466,360,2.901996259689331,336.853359025119
467,151,1.229008014678955,338.88016122959874
467,249,2.0130113525390625,338.88016456745885
467,191,1.5491470127105713,338.88030022763036
467,91,0.7489991931915283,338.8801524081113
467,240,1.9420000743865966,338.8811532893064
468,158,1.2850063457489014,340.91578098754786
469,177,1.437517515182495,342.959757973332
470,156,1.2699974517822266,345.0115615221059
470,329,2.6541447944641114,345.0117088647878
471,226,1.8300115184783936,347.070770397436
472,343,2.765993160247803,349.1378314392341
474,120,0.9819995975494384,353.29570400209906
475,208,1.6870021476745607,355.3875200392533
475,230,1.8620949649810792,355.3866128565598
476,229,1.8540067501068116,357.48527624312715
478,78,0.6469990482330322,361.7076395483415
478,304,2.453919250488281,361.70655975059674
478,213,1.7270774879455566,361.707717988054
479,76,0.630416353225708,363.82970297544074
479,102,0.8395176086425782,363.8308042308576
480,301,2.432006128311157,365.9619304199936
484,180,1.4630071544647216,374.56366439971964
484,261,2.112144411087036,374.56480165634196
484,166,1.3509923725128175,374.56364961776774
485,84,0.6949911804199219,376.7344438850216
486,181,1.4704299430847168,378.9127496369045
486,321,2.5905110054016114,378.9128306992214
488,234,1.8956408710479737,383.2959623719326
488,282,2.279000240325928,383.29532174121056
488,230,1.8631370925903321,383.29545859347496
488,146,1.1919999294281005,383.29632143031273
488,246,1.9910648517608642,383.2953863526455
489,30,0.26469682693481444,385.50017975149495
490,260,2.1039989757537843,387.7107680655455
491,139,1.1359994525909425,389.9301927384666
492,124,1.0163327617645264,392.1581015584504
493,234,1.897002956390381,394.3945118570761
494,217,1.7595223770141601,396.6369492479564
494,185,1.5040001678466797,396.6374270387889
495,130,1.0629995250701905,398.88853550020906
495,277,2.240040222167969,398.88957619730684
498,326,2.6319999294281007,405.6951426171536
498,166,1.351573398590088,405.69471608631557
499,227,1.8400001678466797,407.98014906514965
499,185,1.5045256423950195,407.980674539698
500,217,1.7599994525909424,410.2734119515315
501,290,2.3447118473052977,412.5756585755983
501,155,1.2630982303619385,412.57404495865495
501,199,1.6168792171478272,412.57582594544084
501,42,0.36209920501708986,412.5770459333101
502,141,1.1518564014434816,414.8846212171655
503,236,1.9128367786407472,417.2037167649492
504,184,1.4959920616149902,419.52929752148077
504,218,1.7713151397705078,419.5326205996363
505,246,1.9929998569488525,421.86505430790055
505,236,1.9130062942504884,421.8650607452022
506,151,1.2330060558319091,424.208146224713
506,127,1.0410000953674317,424.2081402642485
507,310,2.505007724761963,426.55958354250055
509,209,1.6979990692138671,431.2885487677128
510,248,2.009006055831909,433.6641203683622
510,235,1.9050065326690675,433.66412084519936
510,247,2.001460958480835,433.66457527101113
512,206,1.6731896381378175,438.4426544424784
516,262,2.123000904083252,448.10242055409367
518,343,2.7700064601898196,452.98124102617413
518,182,1.481627851486206,452.9808624174705
519,87,0.7220000228881837,455.43389744037484
519,354,2.859111768722534,455.4350091862092
520,408,3.2898188247680666,457.8949002073903
521,269,2.179324438095093,460.3661240316236
526,77,0.6430006656646728,472.8428642722515
526,91,0.7550068645477295,472.8428704711346
527,142,1.1630063877105714,475.36406917273143
534,321,2.5969993286132813,493.25671801121734
535,263,2.131993440628052,495.84628584238334
536,81,0.6790642719268799,498.44866102110586
537,185,1.5087859439849853,501.0544307215683
538,134,1.1002926559448243,503.67074219075204
539,21,0.19701434898376466,506.29703841281423
539,225,1.8290982723236084,506.2971223361541
539,132,1.0850002822875977,506.29702434611806
547,203,1.6528050174713136,527.6187006610688
550,161,1.3189362411499024,535.7628105241273
550,92,0.7659992561340332,535.7618735391114
550,238,1.933017448425293,535.7608917314027
557,319,2.5823564071655274,555.0731931715619
562,297,2.407231641769409,569.1378539692471
562,270,2.190019998550415,569.1366423260281
564,285,2.3102412509918215,574.8258568775508
565,324,2.623808614730835,577.6855752584387
566,93,0.774519962310791,580.5515577574374
566,332,2.688008171081543,580.5530459662082
569,170,1.392005786895752,589.2097069309185
569,378,3.056083749771118,589.2097848937939
570,393,3.1762599411010743,592.113841839874
572,157,1.304494577407837,597.9654048081344
573,391,3.1595299034118653,600.8799134837698
573,239,1.9437490100860597,600.880132590444
573,370,2.9919948196411132,600.880378399999
574,424,3.425151388168335,603.8222316146993
574,229,1.864951593399048,603.82203181993
577,446,3.6000191383361817,612.6986578098041
578,325,2.633547878265381,615.6779050868516
579,516,4.160771348953247,618.664134721232
592,111,0.9215452556610108,658.34700468711
594,500,4.034633159637451,664.5943334533921
595,100,0.8343883037567139,667.7314417466662
595,312,2.5304812870025635,667.731534729912
602,216,1.763428524017334,689.9608239644399
606,418,3.380005973815918,702.8741177511616
606,327,2.6700831089019776,702.8921948862477
608,208,1.699693645477295,709.3879877424891
608,398,3.2210023250579836,709.3892964220698
611,287,2.3330182991027835,719.2331525044074
613,426,3.4470079021453857,725.8462283222063
617,123,1.020999225616455,739.1833122946052
621,179,1.4689932651519775,752.678969635974
623,299,2.4292569561004638,759.4860326110386
623,325,2.638003444671631,759.4867790996097
625,152,1.2526363525390625,766.3316581899528
625,516,4.16627977180481,766.3333016092186
633,288,2.3425107994079593,794.115010895862
637,362,2.9340001068115233,808.2445508275359
639,416,3.367244890213013,815.3710021930084
639,173,1.4240140285491945,815.3717713313446
641,508,4.10407887840271,822.5372980675031
641,376,3.0489204959869385,822.5381396850873
641,508,4.104425777435303,822.5376449665357
643,376,3.0473521785736084,829.7423893224919
646,453,3.6650089492797853,840.6286609211074
647,486,3.928773868560791,844.2769178706997
648,406,3.2899247150421145,847.9367252447444
653,416,3.370003631591797,866.3829939399138
655,347,2.8189289340972903,873.8339861543234
656,414,3.3535110588073733,877.5729928435862
657,452,3.6579995784759523,881.324183382009
662,340,2.7620072078704836,900.2323013898717
665,446,3.612543981552124,911.7038352758013
669,328,2.6691831817626954,927.1419903261849
670,278,2.2679996719360354,931.0262547313498
670,375,3.0441653728485107,931.0264204322623
671,481,3.892269800186157,934.9224253262204
673,466,3.772412136077881,942.7457761617114
673,331,2.69395947265625,942.7473234982898
679,181,1.4908926944732666,966.4660404885507
682,549,4.437680284500122,978.4721756365429
683,311,2.53300675201416,982.4938054775702
684,374,3.0364626808166504,986.526179267696
689,221,1.8147474460601807,1006.8527056133768
689,438,3.5500009574890137,1006.8519591248056
691,469,3.799155857086182,1015.0575468757586
693,437,3.541722246170044,1023.3034014490748
698,313,2.55042653465271,1044.1104691531673
698,395,3.2090546226501466,1044.1130972411647
699,197,1.6269090423583985,1048.3085765313226
699,567,4.585998998641968,1048.3076664876062
699,462,3.7440005741119387,1048.3056680630762
710,166,1.376992156982422,1095.1529084037993
710,332,2.7061201152801515,1095.154036362097
711,175,1.4510067939758302,1099.479119199863
714,175,1.4505304336547853,1112.5170478484363
717,455,3.6899794483184816,1125.6538855230074
719,187,1.5455336055755615,1134.4668539520005
720,551,4.4589717464447025,1138.8915827108412
721,552,4.4681759986877445,1143.327149642266
725,560,4.530772905349732,1161.1741638382896
725,201,1.6590075092315675,1161.1743984421714
726,234,1.923433563232422,1165.66473192201
728,673,5.435840543746949,1174.6784034753475
729,430,3.491265478134155,1179.2012101137382
729,504,4.085991079330444,1179.2039357149345
731,260,2.1320081520080567,1188.2822763980496
733,510,4.133804397583008,1197.4092249743785
733,560,4.531539182662964,1197.4069597594585
734,425,3.4533819198608398,1201.9882200884715
734,185,1.5314042377471924,1201.9862424063579
736,409,3.324280426025391,1211.179697914496
739,607,4.912999921798706,1225.0578304806152
740,492,3.9881020889282226,1229.69999773872
751,549,4.445831338882447,1281.569083158681
755,419,3.4085266609191893,1300.7753351249414
757,548,4.439088520050049,1310.4446300718425
759,488,3.960335926055908,1320.1627103768024
759,513,4.160396007537842,1320.1627704582843
763,188,1.5590329685211182,1339.7337622440443
764,247,2.03199308013916,1344.6567755866747
765,574,4.650006048202515,1349.5924519180608
768,248,2.0424890842437744,1364.4637073782187
772,362,2.953314395904541,1384.4535081857875
773,212,1.753823657989502,1389.480999205599
773,278,2.2856528987884523,1389.4848284463978
773,211,1.7470124130249023,1389.4821879606343
773,394,3.210469533920288,1389.4816450815297
774,597,4.835999942779541,1394.521876667003
774,473,3.841569980621338,1394.5194467048448
774,560,4.536613206863404,1394.5184899310868
776,528,4.28424432182312,1404.6347301615926
778,407,3.3174228248596194,1414.7955409413883
779,502,4.074351039886475,1419.8899492728322
782,386,3.146821439743042,1435.2536612637277
783,398,3.240987524032593,1440.3965486435172
784,457,3.7165995655059816,1445.556722530933
786,513,4.16379323387146,1455.9046099237505
786,301,2.4697003440856933,1455.9065170339647
790,491,3.9875078468322753,1476.7443306120508
792,577,4.677000108718872,1487.2373285406402
792,453,3.686013864517212,1487.2383422964385
793,289,2.374000036239624,1492.501999222493
795,253,2.0858300437927246,1503.0650669230847
796,370,3.0235085105895996,1508.3663364564275
799,451,3.6707305507659913,1524.3363652796572
801,365,2.982509298324585,1535.043497061006
801,485,3.9415384578704833,1535.042526220552
801,538,4.365596393585205,1535.0425841562667
803,465,3.7823078346252443,1545.7988798747228
803,204,1.694483072280884,1545.7990551123785
804,622,5.040107656478882,1551.1965886529085
807,296,2.432378261566162,1567.4571978115944
808,364,2.975070297241211,1572.9002466909183
809,223,1.8485251274108887,1578.3582004022926
813,403,3.288034461975098,1600.3053659993525
813,541,4.393085649490357,1600.3064171868677
815,465,3.7835118484497072,1611.3518361301376
816,545,4.422978506088257,1616.89313233511
816,575,4.664999341964722,1616.8951531709865
817,574,4.657136432647706,1622.4493579262726
820,625,5.066001892089844,1639.1859750353096
824,203,1.6945642700195314,1661.676934051497
827,155,1.305007209777832,1678.6656396198255
827,641,5.193197467803955,1678.6658298778516
828,380,3.1060433769226075,1684.3561538788626
830,558,4.535943759918213,1695.778168061261
830,792,6.402354751586914,1695.7725790529298
830,358,2.9319593086242675,1695.7741836099672
832,399,3.2583440227508547,1707.2383053414314
834,531,4.313729856491089,1718.7531470466504
834,716,5.795150354385376,1718.7545675445447
835,794,6.421195747375489,1724.533015317318
835,794,6.4205193538665775,1724.532338923809
836,638,5.17153945350647,1730.3202269595224
837,244,2.0201030750274658,1736.1221360150257
838,241,1.9959357051849365,1741.935803515837
839,634,5.140002939224243,1747.7622069931117
839,651,5.278112943649292,1747.7643169975368
840,440,3.5886004161834717,1753.6016540189494
842,163,1.3729997673034668,1765.3173401027846
845,706,5.717507837295532,1782.9849262273865
845,584,4.741324254989624,1782.9847426450806
851,235,1.950241689682007,1818.6599285191883
852,357,2.925248914718628,1824.648874708366
854,210,1.7496396827697753,1836.6671598325643
854,411,3.3589159374237063,1836.6684360872182
855,725,5.870378303527832,1842.6958776297563
857,439,3.5820883865356445,1854.7896695025315
859,471,3.838988178253174,1866.9355615543693
860,669,5.4252145309448245,1873.0294051610376
860,661,5.3600267295837405,1873.0282173596765
860,676,5.48108578491211,1873.029276415005
862,416,3.401257684707642,1885.2509844414494
863,163,1.3760081329345704,1891.379677502412
863,256,2.119868419647217,1891.3795377891247
864,719,5.8242603797912595,1897.5226712170625
864,283,2.336708368301392,1897.5231192055726
866,637,5.1677689990997315,1909.8461067869891
866,632,5.129572158813477,1909.8479099467029
866,353,2.9125121822357176,1909.8628499701251
868,449,3.6864383144378663,1922.2440407953088
869,759,6.146203014373779,1928.4307191307248
871,511,4.162651479721069,1940.8836166923109
873,752,6.0903160247802735,1953.387305065251
876,751,6.082016571044922,1972.2399511621295
877,271,2.2419407539367677,1978.5500804795688
879,747,6.049535680770874,1991.2089915725635
880,603,4.902040599822998,1997.5626311706405
880,710,5.755488567352295,1997.5600791381698
880,712,5.769737382888794,1997.5583279537063
882,707,5.731151681900024,2010.2970239010062
882,683,5.5395476951599125,2010.2974199142661
882,374,3.0680204792022705,2010.2978926983085
884,817,6.610894666671753,2023.0861436875339
885,824,6.668198816299439,2029.501701447975
886,373,3.059658082962036,2035.9284735413326
887,822,6.651562477111817,2042.368761781668
888,828,6.69993059539795,2048.8225965665733
889,688,5.583403400421143,2055.2926306569334
890,317,2.6139993534088135,2061.7708943096013
891,473,3.861527761459351,2068.2632086246495
891,621,5.044153993606567,2068.2618348567967
892,546,4.44399949836731,2074.7675962661947
893,223,1.86031254196167,2081.2869669997435
895,506,4.126232765197754,2094.366475096338
898,757,6.135007625579834,2114.0824896967947
900,575,4.679515457153321,2127.292533344289
902,408,3.343295873641968,2140.5547935416575
903,782,6.334856468200684,2147.2054774219355
904,852,6.896589771270752,2153.8716052868476
905,431,3.5279102783203125,2160.5486033880607
906,738,5.983017400741577,2167.238682890563
907,819,6.6316604156494146,2173.943604822468
907,792,6.416423355102539,2173.944367761921
907,840,6.800082893371582,2173.94402730019
909,228,1.902519344329834,2187.3909881869263
909,835,6.759007863998413,2187.391476706595
909,831,6.728273151397706,2187.392741993994
910,352,2.8974049243927,2194.138142774813
911,222,1.8557624588012696,2200.894122832057
911,823,6.665076860427857,2200.8954372336834
911,429,3.511519271850586,2200.893879645106
911,380,3.12095645904541,2200.895316832301
911,815,6.603528280258179,2200.8978886535137
912,227,1.8945162448883057,2207.663864394055
914,624,5.072007553100586,2221.247473952697
919,609,4.953099271774292,2255.438574395644
919,825,6.681011295318604,2255.4384864191884
922,417,3.4182422504425047,2276.11513761419
923,400,3.3009995937347414,2283.0526744949925
923,446,3.653155963897705,2283.0368308651555
924,655,5.3230013751983645,2289.9669617238033
924,331,2.7300066928863527,2289.9659670414912
925,381,3.132010601043701,2296.913774011662
925,370,3.0440108394622802,2296.9137742500807
931,719,5.837509777069092,2338.8746166194896
932,345,2.8451216316223147,2345.9149823615894
937,388,3.1905578651428224,2381.32458907407
939,510,4.168518142700195,2395.585422657535
941,412,3.3819801769256594,2409.896529535007
941,757,6.141014581680298,2409.895563939762
942,314,2.597211753845215,2417.073152020223
945,307,2.544043451309204,2438.69057029859
945,819,6.637258722305298,2438.687785569586
946,818,6.630471319198609,2445.921370494724
947,744,6.0375374336242675,2453.1665834231667
948,643,5.2306143703460695,2460.4275933070585
949,433,3.5510001316070556,2467.701709793568
952,554,4.517777997970581,2489.604582916555
953,416,3.4146024494171145,2496.934445605717
954,869,7.04538641166687,2504.284123771594
955,411,3.3795608406066897,2511.639060000304
959,340,2.8076400470733645,2541.2010948866464
960,852,6.906149164199829,2548.6298781525084
961,361,2.9759952907562255,2556.067935754241
962,472,3.865115619659424,2563.5232164979916
964,893,7.232830947875977,2578.4731459157547
966,830,6.730007781982422,2593.4804718964906
969,683,5.576290620803833,2616.11705971842
970,916,7.419089725494385,2623.6620285422314
970,916,7.420636823654175,2623.663575640391
970,880,7.1303189182281494,2623.661257734965
972,913,7.398723224639893,2638.8401731198664
972,449,3.682606689453125,2638.8360565846797
973,875,7.0905070304870605,2646.444321461092
974,774,6.283594457626343,2654.067861534396
981,569,4.648582651138306,2707.8254579457257
983,815,6.613200206756592,2723.307416338675
987,511,4.183269680023193,2754.450705832425
987,320,2.6572185134887696,2754.4526546658903
989,850,6.89499192237854,2770.1064921359703
990,822,6.671010280609131,2777.95594646115
994,410,3.379120140075684,2809.5007624383334
997,703,5.720083641052247,2833.3036889361238
998,727,5.91454245185852,2841.2701842331753
1000,615,5.017969532012939,2857.240826674866
1004,877,7.115424362182617,2889.3576043604835
1005,807,6.552375942230225,2897.4194730251556
1007,515,4.220945234298706,2913.597260707042
1008,874,7.088728801727295,2921.701368592117
1009,864,7.011539518356323,2929.8269957127095
1012,869,7.050981380462646,2954.281954298368
1013,905,7.342554082870484,2962.4664267323815
1016,842,6.834325967788696,2987.0922411632046
1016,618,5.042880767822266,2987.092795963238
1020,858,6.964686311721802,3020.138888167767
1020,855,6.939510431289673,3020.137712287335
1021,879,7.13469021987915,3028.4385099059364
1023,912,7.396520372390747,3045.0755114375634
1024,905,7.34053563117981,3053.4171031853984
1026,872,7.076481986999512,3070.144241451324
1026,657,5.358215528488159,3070.1459749928126
1028,893,7.2485141220092775,3086.934260490393
1029,914,7.415325843811035,3095.348142435305
1030,965,7.827717990875244,3103.782337927524
1031,978,7.926847814559936,3112.2220156716194
1033,959,7.775972911834717,3129.1565161372023
1036,957,7.7605436859130865,3154.6680204806776
1036,971,7.870811098098755,3154.6662878928632
1040,724,5.897247020721435,3188.890740728887
1044,650,5.305594873428345,3223.350849218639
1046,868,7.049732202529907,3240.6702492965983
1047,871,7.07314497756958,3249.351679026002
1047,943,7.6495064201354985,3249.352040468568
1054,227,1.9212887439727784,3310.5448708481726
1058,907,7.365248638153076,3345.8464492465214
1063,925,7.510170364379883,3390.3084278152423
1064,905,7.350732078552246,3399.2465192635723
1065,940,7.6296615791320805,3408.198111176251
1081,990,8.031974716186523,3553.51034412813
1081,720,5.874478826522827,3553.512848238466
1083,973,7.895818313598633,3571.9488385915784
1094,529,4.348324663162232,3674.4657713981787
1100,879,7.149278099060059,3731.1707575609344
1104,998,8.099758895874023,3769.2825943859875
1106,996,8.084824626922607,3788.4338096047177
1107,949,7.710953227996827,3798.0344203462287
1117,1022,8.299019218444824,3894.884268565956
1119,1008,8.18871055984497,3914.4435487806245
1121,920,7.480357990264893,3934.059806264829
1141,834,6.797858306884765,4133.757377009931
1146,1040,8.445495433807373,4184.6766856853765
1154,1053,8.553763841629028,4266.988063107144
1161,736,6.018143165588379,4339.85475282193
1165,651,5.33650832939148,4381.847749327865
1168,309,2.6214362354278564,4413.535460647117
1181,1067,8.67368482208252,4552.446010769078
1181,1050,8.532261514663697,4552.44058746166
1181,881,7.1866072635650635,4552.446933210561
1181,1050,8.53590931892395,4552.44423526592
1189,972,7.912318206787109,4639.315518413148
1190,880,7.178285160064697,4650.250653047161
1191,1033,8.40029388809204,4661.198379534388
1191,278,2.358436130523682,4661.196521776819
1192,867,7.07013143157959,4672.162496040708
1194,608,4.997550882339477,4694.14420151937
1199,1112,9.033113094329835,4749.394078267377
1203,1056,8.587408588409424,4793.8930611605965
1206,1080,8.798738136291504,4827.460160266715
1207,1086,8.82938698577881,4838.658839887967
1208,701,5.764880855560303,4849.907103483062
1211,1095,8.89987398147583,4883.688950433687
1219,1095,8.90401125907898,4974.562643276784
1223,721,5.909824245452881,5020.399806511265
1230,1084,8.817482301712037,5101.274028274607
1231,855,6.984765615463257,5112.894135398995
1234,945,7.707007465362549,5147.860921069054
1238,961,7.834517992019653,5194.718404681245
1259,840,6.870219917297363,5445.226898515039
1263,704,5.78658869934082,5493.809017391852
1274,1146,9.323667066574098,5628.833010982928
1274,1156,9.420695398330688,5628.850039314684
1281,1172,9.55412943458557,5715.8793538748205
1287,1065,8.677991886138916,5791.135617672321
1288,1221,9.927743309020997,5803.745044836243
1288,1215,9.87955948829651,5803.744861015519
1298,1167,9.499233280181885,5930.796844210583
1310,924,7.557766716003418,6085.600143245471
1315,305,2.6041554832458496,6150.857339173096
1317,297,2.5395735034942626,6177.0856913895395
1320,1193,9.711248010635376,6216.567409105777
1330,255,2.209034481048584,6349.333111043879
1362,469,3.9294559020996096,6786.396238529331
1362,935,7.6586501407623295,6786.397432767993
1367,318,2.721403211593628,6856.38243413644
1379,267,2.317055784225464,7026.241812161516
1383,942,7.718393074035645,7083.456689249602
1417,1252,10.209746566772461,7581.91016526941
1418,301,2.5993468837738036,7596.898797253826
1439,1264,10.309969436645508,7916.132226482659
1442,484,4.06783797454834,7962.425216436776
1490,913,7.513843158721924,8726.979385314775
1491,936,7.70043953704834,8743.391187550864
1498,1339,10.92824732017517,8858.815044120734
1499,1239,10.12710910987854,8875.381984414793
1519,320,2.779465970993042,9210.942482569342
1522,1200,9.819802141189575,9261.968276224985
1525,1312,10.719065853118897,9313.178355415344
1532,374,3.2145613594055176,9433.367307350474
1536,1235,10.105522756576539,9502.495373556503
1551,645,5.387346181869507,9764.614474118962
1557,358,3.092825569152832,9870.749689462267
1586,358,3.1006507053375243,10394.192506523414
1613,231,2.0959071617126463,10897.278855824705
1623,327,2.865863386154175,11087.499119679791
1661,326,2.868532855987549,11829.775184833035
1682,1419,11.62134027671814,12253.33418177409
1721,1043,8.62870492362976,13065.554810500169
1727,205,1.9233876609802247,13193.494164113223
1737,360,3.1652041721343993,13408.515087429876
1739,371,3.2532003574371338,13451.78734651249
1754,432,3.7533287105560302,13779.205471959274
1755,455,3.928552522659302,13801.203960417664
1779,416,3.625524452209473,14336.185884440325
1806,1673,13.696471628189087,14953.770786343206
1808,292,2.644248996734619,15000.180103230467
1815,1687,13.818601079940796,15163.370884499891
1822,1693,13.880464405059815,15327.697913470152
1827,1686,13.806637132644653,15445.744536355434
1833,1574,12.9201569480896,15588.201112513025
1865,1175,9.736334466934204,16362.197259290886
1873,381,3.376031063079834,16559.466291537243
1886,1761,14.428669631958009,16883.304232699025
1890,1766,14.472763278961182,16983.759190496974
2074,455,4.047977104187012,22029.49311542446
3019,2658,22.13824397468567,63031.07234775389
3568,2925,24.63979735374451,100629.86135322275
3905,3357,28.33373361206055,129561.45485489424
4061,3755,31.662642993927,144580.3262430563
