Bricks,Ours,Liu_et_al
5,0.060000000000000005,1.0
28,0.10600000000000001,5.600000000000001
28,0.10600000000000001,5.600000000000001
32,0.114,6.4
35,0.12000000000000001,7.000000000000001
40,0.13,8.0
41,0.132,8.2
46,0.14200000000000002,9.199999999999996
47,0.14400000000000002,9.399999999999995
54,0.158,10.860890256157896
60,0.16999999999999998,12.341264998618877
64,0.178,13.459433155848735
69,0.188,15.010854473621475
78,0.20600000000000002,18.253230140066126
88,0.22599999999999998,22.571376830690504
96,0.242,26.598338534315644
97,0.244,27.138759999470388
98,0.246,27.687559999470388
102,0.254,29.96739926075924
106,0.262,32.384685378836984
106,0.262,32.384685378836984
109,0.268,34.28944942787299
111,0.272,35.60361999524077
112,0.274,36.274124998950654
114,0.278,37.642174895749804
115,0.28,38.33979943660255
116,0.28200000000000003,39.04654318082672
116,0.28200000000000003,39.04654318082672
117,0.28400000000000003,39.762445520535145
119,0.28800000000000003,41.22188271347172
121,0.292,42.718422816550984
122,0.294,43.48070318491947
122,0.294,43.48070318491947
123,0.296,44.25237503227429
124,0.298,45.03347661337626
126,0.302,46.624121224884284
127,0.304,47.433739999370154
127,0.304,47.433739999370154
128,0.306,48.25293999937015
128,0.306,48.25293999937015
128,0.306,48.25293999937015
128,0.306,48.25293999937015
128,0.306,48.25293999937015
128,0.306,48.25293999937015
128,0.306,48.25293999937015
128,0.306,48.25293999937015
128,0.306,48.25293999937015
128,0.306,48.25293999937015
128,0.306,48.25293999937015
128,0.306,48.25293999937015
128,0.306,48.25293999937015
128,0.306,48.25293999937015
128,0.306,48.25293999937015
129,0.308,49.081758725027335
133,0.316,52.49396582501881
137,0.324,56.06303537503344
138,0.326,56.98008664949959
138,0.326,56.98008664949959
138,0.326,56.98008664949959
138,0.326,56.98008664949959
138,0.326,56.98008664949959
139,0.328,57.907123908729226
139,0.328,57.907123908729226
139,0.328,57.907123908729226
139,0.328,57.907123908729226
140,0.33,58.84418313844739
140,0.33,58.84418313844739
140,0.33,58.84418313844739
140,0.33,58.84418313844739
141,0.332,59.791300195626704
141,0.332,59.791300195626704
141,0.332,59.791300195626704
141,0.332,59.791300195626704
141,0.332,59.791300195626704
142,0.334,60.74851080985954
142,0.334,60.74851080985954
143,0.336,61.715850584706
143,0.336,61.715850584706
145,0.33999999999999997,63.68105940824202
145,0.33999999999999997,63.68105940824202
145,0.33999999999999997,63.68105940824202
146,0.34199999999999997,64.67899904569511
147,0.344,65.68720902382466
147,0.344,65.68720902382466
148,0.346,66.70572433544251
148,0.346,66.70572433544251
148,0.346,66.70572433544251
148,0.346,66.70572433544251
148,0.346,66.70572433544251
149,0.348,67.73457985493978
150,0.35,68.77381033948112
150,0.35,68.77381033948112
150,0.35,68.77381033948112
151,0.352,69.82345043017887
152,0.354,70.88353465324796
153,0.356,71.95409742114155
153,0.356,71.95409742114155
154,0.358,73.03517303366827
154,0.358,73.03517303366827
155,0.36,74.12679567909113
155,0.36,74.12679567909113
156,0.362,75.22899943520885
156,0.362,75.22899943520885
157,0.364,76.34181827041968
158,0.366,77.46528604476838
158,0.366,77.46528604476838
159,0.368,78.59943651097645
159,0.368,78.59943651097645
159,0.368,78.59943651097645
159,0.368,78.59943651097645
160,0.37,79.74430331545634
160,0.37,79.74430331545634
164,0.378,84.43160317899269
165,0.38,85.63055271921529
166,0.382,86.84041829852565
166,0.382,86.84041829852565
166,0.382,86.84041829852565
168,0.386,89.29302919308059
171,0.392,93.05463587129513
171,0.392,93.05463587129513
171,0.392,93.05463587129513
171,0.392,93.05463587129513
172,0.394,94.33068577627535
173,0.396,95.61788018272684
173,0.396,95.61788018272684
173,0.396,95.61788018272684
174,0.398,96.9162513469168
175,0.4,98.22583143228768
177,0.40399999999999997,100.8787465609876
179,0.408,103.57688104986767
180,0.41,104.9429849990604
180,0.41,104.9429849990604
182,0.414,107.70942442187135
183,0.416,109.10982287945404
185,0.42,111.945134100481
186,0.422,113.38010933371675
189,0.428,117.75468657974136
189,0.428,117.75468657974136
190,0.43,119.23619932015231
191,0.432,120.72942358997918
192,0.434,122.23439008794517
194,0.438,125.27967216356272
195,0.44,126.82004874089698
197,0.444,129.9364248863705
200,0.45,134.70049999927087
201,0.452,136.31251498679427
202,0.454,137.9365748871674
203,0.456,139.57270955155172
207,0.464,146.2385903071959
207,0.464,146.2385903071959
209,0.46799999999999997,149.64475003922138
210,0.47,151.3662377679026
211,0.472,153.10003646440686
215,0.48,160.15892404873273
218,0.486,165.5837792469149
218,0.486,165.5837792469149
219,0.488,167.4171114263085
221,0.492,171.1215185691679
221,0.492,171.1215185691679
221,0.492,171.1215185691679
221,0.492,171.1215185691679
222,0.494,172.99265067567455
223,0.496,174.8764397933839
224,0.498,176.77291433315497
224,0.498,176.77291433315497
225,0.5,178.68210264235864
226,0.502,180.60403300530106
228,0.506,184.48623271681333
228,0.506,184.48623271681333
228,0.506,184.48623271681333
231,0.512,190.4058012147002
231,0.512,190.4058012147002
231,0.512,190.4058012147002
234,0.518,196.4415634765159
235,0.52,198.47943491505168
236,0.522,200.5303278717903
236,0.522,200.5303278717903
237,0.524,202.59426996400123
237,0.524,202.59426996400123
238,0.526,204.67128875062787
239,0.528,206.76141173265552
240,0.53,208.8646663534753
240,0.53,208.8646663534753
242,0.534,213.11067999924495
242,0.534,213.11067999924495
244,0.538,217.40954809678664
244,0.538,217.40954809678664
245,0.54,219.57887057166215
245,0.54,219.57887057166215
246,0.542,221.76148815612356
246,0.542,221.76148815612356
246,0.542,221.76148815612356
246,0.542,221.76148815612356
247,0.544,223.95742790028777
247,0.544,223.95742790028777
248,0.546,226.1667167994587
249,0.548,228.38938179445904
252,0.554,235.1379019523215
253,0.556,237.414339660672
254,0.558,239.70428736313158
256,0.562,244.32481918101342
256,0.562,244.32481918101342
259,0.5680000000000001,251.3576056900045
259,0.5680000000000001,251.3576056900045
259,0.5680000000000001,251.3576056900045
260,0.5700000000000001,253.7291705742107
261,0.5720000000000001,256.1144307109673
263,0.5760000000000001,260.92614173720915
263,0.5760000000000001,260.92614173720915
263,0.5760000000000001,260.92614173720915
264,0.5780000000000001,263.3526449991068
266,0.5820000000000001,268.2470775790957
266,0.5820000000000001,268.2470775790957
267,0.5840000000000001,270.7150589728667
268,0.5860000000000001,273.1969184048249
269,0.5880000000000001,275.69268179104563
269,0.5880000000000001,275.69268179104563
270,0.5900000000000001,278.20237499938804
270,0.5900000000000001,278.20237499938804
271,0.5920000000000001,280.72602384976324
271,0.5920000000000001,280.72602384976324
272,0.5940000000000001,283.2636541143999
273,0.5960000000000001,285.8152915181076
273,0.5960000000000001,285.8152915181076
276,0.6020000000000001,293.55450310592335
276,0.6020000000000001,293.55450310592335
276,0.6020000000000001,293.55450310592335
276,0.6020000000000001,293.55450310592335
277,0.6040000000000001,296.1624253747036
277,0.6040000000000001,296.1624253747036
278,0.6060000000000001,298.7844827043591
279,0.6080000000000001,301.42070054057825
280,0.6100000000000001,304.0711042834069
280,0.6100000000000001,304.0711042834069
280,0.6100000000000001,304.0711042834069
281,0.6120000000000001,306.7357192874928
281,0.6120000000000001,306.7357192874928
281,0.6120000000000001,306.7357192874928
281,0.6120000000000001,306.7357192874928
282,0.6140000000000001,309.4145708623286
283,0.6160000000000001,312.10768427249167
283,0.6160000000000001,312.10768427249167
283,0.6160000000000001,312.10768427249167
284,0.6180000000000001,314.8150847378828
284,0.6180000000000001,314.8150847378828
285,0.6200000000000001,317.5367974339622
286,0.6220000000000001,320.2728474919838
286,0.6220000000000001,320.2728474919838
287,0.6240000000000001,323.02325999922704
287,0.6240000000000001,323.02325999922704
287,0.6240000000000001,323.02325999922704
287,0.6240000000000001,323.02325999922704
288,0.6260000000000001,325.788059999227
288,0.6260000000000001,325.788059999227
289,0.628,328.56727249200264
289,0.628,328.56727249200264
290,0.63,331.36092243428243
290,0.63,331.36092243428243
290,0.63,331.36092243428243
290,0.63,331.36092243428243
292,0.634,336.9916342791606
293,0.636,339.8287458807724
293,0.636,339.8287458807724
293,0.636,339.8287458807724
294,0.638,342.6803943303538
296,0.642,348.4274007058549
296,0.642,348.4274007058549
296,0.642,348.4274007058549
296,0.642,348.4274007058549
296,0.642,348.4274007058549
297,0.644,351.3228079932672
297,0.644,351.3228079932672
297,0.644,351.3228079932672
297,0.644,351.3228079932672
298,0.646,354.2328508520581
298,0.646,354.2328508520581
299,0.648,357.1575538592026
299,0.648,357.1575538592026
301,0.652,363.051038420992
302,0.654,366.0198689247426
302,0.654,366.0198689247426
303,0.656,369.00345747546464
303,0.656,369.00345747546464
304,0.658,372.0018284465088
304,0.658,372.0018284465088
304,0.658,372.0018284465088
304,0.658,372.0018284465088
305,0.66,375.0150061711045
305,0.66,375.0150061711045
305,0.66,375.0150061711045
306,0.662,378.04301494255816
306,0.662,378.04301494255816
307,0.664,381.0858790144483
307,0.664,381.0858790144483
307,0.664,381.0858790144483
308,0.666,384.14362260082044
308,0.666,384.14362260082044
310,0.67,390.30384497668064
310,0.67,390.30384497668064
310,0.67,390.30384497668064
311,0.672,393.40637199831957
311,0.672,393.40637199831957
311,0.672,393.40637199831957
312,0.674,396.52387499912004
312,0.674,396.52387499912004
313,0.676,399.6563779983205
314,0.678,402.8039049767593
315,0.68,405.96647987705813
316,0.682,409.1441266038042
316,0.682,409.1441266038042
317,0.684,412.33686902373097
317,0.684,412.33686902373097
318,0.686,415.54473096589743
318,0.686,415.54473096589743
318,0.686,415.54473096589743
318,0.686,415.54473096589743
319,0.6880000000000001,418.76773622186585
320,0.6900000000000001,422.00590854587824
321,0.6920000000000001,425.2592716550316
321,0.6920000000000001,425.2592716550316
322,0.6940000000000001,428.5278492294515
323,0.6960000000000001,431.81166491246415
324,0.6980000000000001,435.11074231076805
324,0.6980000000000001,435.11074231076805
324,0.6980000000000001,435.11074231076805
324,0.6980000000000001,435.11074231076805
324,0.6980000000000001,435.11074231076805
325,0.7000000000000001,438.4251049946033
325,0.7000000000000001,438.4251049946033
325,0.7000000000000001,438.4251049946033
326,0.7020000000000001,441.75477649792015
327,0.7040000000000001,445.09978031854575
327,0.7040000000000001,445.09978031854575
328,0.7060000000000001,448.4601399183506
328,0.7060000000000001,448.4601399183506
328,0.7060000000000001,448.4601399183506
328,0.7060000000000001,448.4601399183506
328,0.7060000000000001,448.4601399183506
329,0.7080000000000001,451.8358787234124
330,0.7100000000000001,455.22702012417994
330,0.7100000000000001,455.22702012417994
331,0.7120000000000001,458.63358747563507
332,0.7140000000000001,462.0556040974533
332,0.7140000000000001,462.0556040974533
332,0.7140000000000001,462.0556040974533
333,0.7160000000000001,465.49309327416347
333,0.7160000000000001,465.49309327416347
333,0.7160000000000001,465.49309327416347
333,0.7160000000000001,465.49309327416347
334,0.7180000000000001,468.9460782553066
334,0.7180000000000001,468.9460782553066
334,0.7180000000000001,468.9460782553066
336,0.7220000000000001,475.89862845505667
336,0.7220000000000001,475.89862845505667
338,0.7260000000000001,482.9134399992141
339,0.7280000000000001,486.4442515319924
340,0.7300000000000001,489.99069764042264
340,0.7300000000000001,489.99069764042264
340,0.7300000000000001,489.99069764042264
340,0.7300000000000001,489.99069764042264
341,0.7320000000000001,493.55280133346696
341,0.7320000000000001,493.55280133346696
341,0.7320000000000001,493.55280133346696
341,0.7320000000000001,493.55280133346696
341,0.7320000000000001,493.55280133346696
342,0.7340000000000001,497.13058558632514
342,0.7340000000000001,497.13058558632514
343,0.7360000000000001,500.72407334058283
344,0.7380000000000001,504.33328750435874
345,0.7400000000000001,507.9582509524503
346,0.7420000000000001,511.5989865264793
346,0.7420000000000001,511.5989865264793
346,0.7420000000000001,511.5989865264793
346,0.7420000000000001,511.5989865264793
346,0.7420000000000001,511.5989865264793
347,0.7440000000000001,515.2555170350352
347,0.7440000000000001,515.2555170350352
348,0.7460000000000001,518.9278652538183
348,0.7460000000000001,518.9278652538183
348,0.7460000000000001,518.9278652538183
348,0.7460000000000001,518.9278652538183
349,0.7480000000000001,522.6160539257818
349,0.7480000000000001,522.6160539257818
350,0.7500000000000001,526.3201057612722
350,0.7500000000000001,526.3201057612722
351,0.7520000000000001,530.0400434381695
351,0.7520000000000001,530.0400434381695
351,0.7520000000000001,530.0400434381695
351,0.7520000000000001,530.0400434381695
351,0.7520000000000001,530.0400434381695
352,0.754,533.7758896020258
354,0.758,541.2953978120116
354,0.758,541.2953978120116
355,0.76,545.0791049888422
356,0.762,548.8788109143054
356,0.762,548.8788109143054
356,0.762,548.8788109143054
356,0.762,548.8788109143054
356,0.762,548.8788109143054
357,0.764,552.6945380743629
357,0.764,552.6945380743629
358,0.766,556.5263089234612
358,0.766,556.5263089234612
358,0.766,556.5263089234612
359,0.768,560.3741458846642
359,0.768,560.3741458846642
359,0.768,560.3741458846642
360,0.77,564.2380713497838
360,0.77,564.2380713497838
360,0.77,564.2380713497838
360,0.77,564.2380713497838
360,0.77,564.2380713497838
360,0.77,564.2380713497838
361,0.772,568.1181076795107
361,0.772,568.1181076795107
363,0.776,575.9266022207165
363,0.776,575.9266022207165
363,0.776,575.9266022207165
363,0.776,575.9266022207165
364,0.778,579.8551049991297
364,0.778,579.8551049991297
366,0.782,587.7607327591523
366,0.782,587.7607327591523
367,0.784,591.737902124417
367,0.784,591.737902124417
367,0.784,591.737902124417
369,0.788,599.7410625576484
369,0.788,599.7410625576484
369,0.788,599.7410625576484
370,0.79,603.7670978282341
370,0.79,603.7670978282341
371,0.792,607.809465886687
371,0.792,607.809465886687
372,0.794,611.8681887597099
372,0.794,611.8681887597099
373,0.796,615.9432884443803
373,0.796,615.9432884443803
373,0.796,615.9432884443803
374,0.798,620.0347869082685
374,0.798,620.0347869082685
375,0.8,624.1427060895572
375,0.8,624.1427060895572
376,0.802,628.2670678971585
376,0.802,628.2670678971585
376,0.802,628.2670678971585
379,0.808,640.739027730349
379,0.808,640.739027730349
379,0.808,640.739027730349
379,0.808,640.739027730349
380,0.81,644.9293785509843
381,0.812,649.1362811074979
382,0.8140000000000001,653.3597571356055
382,0.8140000000000001,653.3597571356055
383,0.8160000000000001,657.5998283425548
383,0.8160000000000001,657.5998283425548
384,0.8180000000000001,661.8565164072361
384,0.8180000000000001,661.8565164072361
387,0.8240000000000001,674.7264981135439
387,0.8240000000000001,674.7264981135439
388,0.8260000000000001,679.0498698347819
389,0.8280000000000001,683.3899663867033
391,0.8320000000000001,692.1204199992047
391,0.8320000000000001,692.1204199992047
392,0.8340000000000001,696.5108199992047
392,0.8340000000000001,696.5108199992047
393,0.8360000000000001,700.9180307089393
394,0.8380000000000001,705.3420735297086
394,0.8380000000000001,705.3420735297086
395,0.8400000000000001,709.7829698356361
396,0.8420000000000001,714.2407409737723
396,0.8420000000000001,714.2407409737723
397,0.8440000000000001,718.7154082641973
397,0.8440000000000001,718.7154082641973
397,0.8440000000000001,718.7154082641973
397,0.8440000000000001,718.7154082641973
399,0.8480000000000001,727.7155164479937
399,0.8480000000000001,727.7155164479937
399,0.8480000000000001,727.7155164479937
400,0.8500000000000001,732.2409998475875
400,0.8500000000000001,732.2409998475875
401,0.8520000000000001,736.7834644121164
401,0.8520000000000001,736.7834644121164
402,0.8540000000000001,741.3429313283249
403,0.8560000000000001,745.9194217565897
404,0.8580000000000001,750.5129568310177
406,0.8620000000000001,759.7512453240253
406,0.8620000000000001,759.7512453240253
408,0.8660000000000001,769.057965358497
408,0.8660000000000001,769.057965358497
409,0.8680000000000001,773.7370397626928
410,0.8700000000000001,778.4332850714475
411,0.8720000000000001,783.1467222376776
411,0.8720000000000001,783.1467222376776
412,0.8740000000000001,787.8773721887943
412,0.8740000000000001,787.8773721887943
413,0.8760000000000001,792.6252558267955
413,0.8760000000000001,792.6252558267955
413,0.8760000000000001,792.6252558267955
414,0.8780000000000001,797.3903940283591
415,0.8800000000000001,802.1728076449339
418,0.886,816.6239091226983
420,0.89,826.3447349991368
420,0.89,826.3447349991368
421,0.892,831.2312375848314
426,0.902,855.9254733498158
428,0.906,865.9256894774819
428,0.906,865.9256894774819
429,0.908,870.9521343921308
429,0.908,870.9521343921308
430,0.91,875.9961645268545
430,0.91,875.9961645268545
432,0.914,886.1370622721251
432,0.914,886.1370622721251
435,0.92,901.4808087664017
435,0.92,901.4808087664017
436,0.922,906.630779049811
437,0.924,911.7984772762944
438,0.926,916.9839237411613
440,0.93,927.4081424514548
441,0.932,932.6469551719097
441,0.932,932.6469551719097
442,0.934,937.9035970809616
443,0.936,943.1780883588006
444,0.9380000000000001,948.4704491628274
445,0.9400000000000001,953.7806996277302
445,0.9400000000000001,953.7806996277302
445,0.9400000000000001,953.7806996277302
445,0.9400000000000001,953.7806996277302
446,0.9420000000000001,959.1088598655609
446,0.9420000000000001,959.1088598655609
447,0.9440000000000001,964.4549499658118
449,0.9480000000000001,975.2009999991975
449,0.9480000000000001,975.2009999991975
451,0.9520000000000001,986.019009995497
452,0.9540000000000001,991.4550499659166
452,0.9540000000000001,991.4550499659166
453,0.9560000000000001,996.9091398661657
454,0.9580000000000001,1002.3812996299154
457,0.9640000000000001,1018.9063971098273
458,0.9660000000000001,1024.4510352260618
459,0.9680000000000001,1030.0138425461114
459,0.9680000000000001,1030.0138425461114
460,0.9700000000000001,1035.5948388729335
460,0.9700000000000001,1035.5948388729335
462,0.9740000000000001,1046.8114776511075
463,0.9760000000000001,1052.4471596009694
463,0.9760000000000001,1052.4471596009694
466,0.9820000000000001,1069.4638922368363
467,0.9840000000000001,1075.1727642935564
467,0.9840000000000001,1075.1727642935564
467,0.9840000000000001,1075.1727642935564
467,0.9840000000000001,1075.1727642935564
467,0.9840000000000001,1075.1727642935564
468,0.9860000000000001,1080.8999830112239
469,0.9880000000000001,1086.6455680014576
470,0.9900000000000001,1092.4095388549579
470,0.9900000000000001,1092.4095388549579
471,0.9920000000000001,1098.1919151415723
472,0.9940000000000001,1103.9927164103626
474,0.9980000000000001,1115.649671987186
475,1.0,1121.5058652900066
475,1.0,1121.5058652900066
476,1.002,1127.3805615647086
478,1.006,1139.185540793832
478,1.006,1139.185540793832
478,1.006,1139.185540793832
479,1.008,1145.1158625793678
479,1.008,1145.1158625793678
480,1.01,1151.0647649991422
484,1.018,1175.0465680173393
484,1.018,1175.0465680173393
484,1.018,1175.0465680173393
485,1.02,1181.0886636802695
486,1.022,1187.1494558661145
486,1.022,1187.1494558661145
488,1.026,1199.3272067668363
488,1.026,1199.3272067668363
488,1.026,1199.3272067668363
488,1.026,1199.3272067668363
488,1.026,1199.3272067668363
489,1.028,1205.4442039124951
490,1.03,1211.5799744427547
491,1.032,1217.7345375239165
492,1.034,1223.907912302755
493,1.036,1230.1001179065765
494,1.038,1236.311173443279
494,1.038,1236.311173443279
495,1.04,1242.5410980014096
495,1.04,1242.5410980014096
498,1.046,1261.3442764008332
498,1.046,1261.3442764008332
499,1.048,1267.6498675452065
499,1.048,1267.6498675452065
500,1.05,1273.9744228655431
501,1.052,1280.3179613355142
501,1.052,1280.3179613355142
501,1.052,1280.3179613355142
501,1.052,1280.3179613355142
502,1.054,1286.6805019098445
503,1.056,1293.062063524371
504,1.058,1299.4626650960986
504,1.058,1299.4626650960986
505,1.06,1305.882325523255
505,1.06,1305.882325523255
506,1.062,1312.3210636853487
506,1.062,1312.3210636853487
507,1.064,1318.7788984432223
509,1.068,1331.7519330966884
510,1.07,1338.2671706211381
510,1.07,1338.2671706211381
510,1.07,1338.2671706211381
512,1.074,1351.3551799991922
516,1.082,1377.7618609448048
518,1.086,1391.0808317834255
518,1.086,1391.0808317834255
519,1.088,1397.7692901170028
519,1.088,1397.7692901170028
520,1.09,1404.4770885635874
521,1.092,1411.2042457283933
526,1.102,1445.1310622606507
526,1.102,1445.1310622606507
527,1.104,1451.974761447494
534,1.118,1500.4273653117366
535,1.12,1507.4274881678011
536,1.122,1514.447246704959
537,1.124,1521.4866592486305
538,1.1260000000000001,1528.5457441071655
539,1.1280000000000001,1535.6245195718911
539,1.1280000000000001,1535.6245195718911
539,1.1280000000000001,1535.6245195718911
547,1.1440000000000001,1592.9657744914675
550,1.1500000000000001,1614.7958441129892
550,1.1500000000000001,1614.7958441129892
550,1.1500000000000001,1614.7958441129892
557,1.1640000000000001,1666.4303230566259
562,1.1740000000000002,1703.9127818875586
562,1.1740000000000002,1703.9127818875586
564,1.1780000000000002,1719.0465123106906
565,1.1800000000000002,1726.6436091246055
566,1.1820000000000002,1734.2608841439285
566,1.1820000000000002,1734.2608841439285
569,1.1880000000000002,1757.233956687245
569,1.1880000000000002,1757.233956687245
570,1.1900000000000002,1764.932122702602
572,1.1940000000000002,1780.3892741309871
573,1.1960000000000002,1788.1482950382924
573,1.1960000000000002,1788.1482950382924
573,1.1960000000000002,1788.1482950382924
574,1.1980000000000002,1795.9276363780205
574,1.1980000000000002,1795.9276363780205
577,1.204,1819.3877599991881
578,1.206,1827.248559999188
579,1.208,1835.1297688201748
592,1.234,1939.450688039561
594,1.238,1955.8089133381695
595,1.24,1964.0190509740437
595,1.24,1964.0190509740437
602,1.254,2022.0707691688854
606,1.262,2055.701011394639
606,1.262,2055.701011394639
608,1.266,2072.6414448542655
608,1.266,2072.6414448542655
611,1.272,2098.209122856001
613,1.276,2115.3591271417154
617,1.284,2149.9114782142956
621,1.292,2184.8011976422704
623,1.296,2202.3729115427423
623,1.296,2202.3729115427423
625,1.3,2220.0293763565155
625,1.3,2220.0293763565155
633,1.316,2291.505457875581
637,1.324,2327.7555251505914
639,1.328,2346.009037210467
639,1.328,2346.009037210467
641,1.332,2364.348380717802
641,1.332,2364.348380717802
641,1.332,2364.348380717802
643,1.336,2382.7736897844097
646,1.342,2410.573131663707
647,1.344,2419.8827399991847
648,1.346,2429.2139399991847
653,1.356,2476.194397851475
655,1.36,2495.1383049912397
656,1.362,2504.642837232229
657,1.364,2514.169110677811
662,1.374,2562.1271748590375
665,1.3800000000000001,2591.1639652271274
669,1.3880000000000001,2630.186218416848
670,1.3900000000000001,2639.9966292135473
670,1.3900000000000001,2639.9966292135473
671,1.3920000000000001,2649.829011809846
673,1.3960000000000001,2669.55975790319
673,1.3960000000000001,2669.55975790319
679,1.4080000000000001,2729.2810202367355
682,1.4140000000000001,2759.440034721966
683,1.4160000000000001,2769.537352971878
684,1.4180000000000001,2779.656854999152
689,1.4280000000000002,2830.587689156962
689,1.4280000000000002,2830.587689156962
691,1.4320000000000002,2851.115876127077
693,1.4360000000000002,2871.7333159826953
698,1.4460000000000002,2923.668242958769
698,1.4460000000000002,2923.668242958769
699,1.4480000000000002,2934.122441717163
699,1.4480000000000002,2934.122441717163
699,1.4480000000000002,2934.122441717163
710,1.47,3050.603317285775
710,1.47,3050.603317285775
711,1.472,3061.327874988543
714,1.478,3093.6374133027994
717,1.484,3126.1510829744984
719,1.488,3147.94048050908
720,1.49,3158.8693121026213
721,1.492,3169.820919999182
725,1.5,3213.855430459983
725,1.5,3213.855430459983
726,1.502,3224.921156659379
728,1.506,3247.1212376186913
729,1.508,3258.255623837967
729,1.508,3258.255623837967
731,1.512,3280.59316632321
733,1.516,3303.022506835138
733,1.516,3303.022506835138
734,1.518,3314.271640547562
734,1.518,3314.271640547562
736,1.522,3336.8389131847252
739,1.528,3370.8625697501257
740,1.53,3382.2499171146355
751,1.552,3509.0381187797857
755,1.56,3555.8396674328205
757,1.564,3579.380317659185
759,1.568,3603.014383075867
759,1.568,3603.014383075867
763,1.576,3650.5632522746428
764,1.578,3662.5090464332575
765,1.58,3674.47830204921
768,1.586,3710.5269909840426
772,1.594,3758.9212994080945
773,1.596,3771.078798058721
773,1.596,3771.078798058721
773,1.596,3771.078798058721
773,1.596,3771.078798058721
774,1.598,3783.2598958614644
774,1.598,3783.2598958614644
774,1.598,3783.2598958614644
776,1.602,3807.6929499128937
778,1.606,3832.2205834432607
779,1.608,3844.519905557914
782,1.614,3881.560075680638
783,1.616,3893.9542509190314
784,1.618,3906.372177367517
786,1.622,3931.279344494271
786,1.622,3931.279344494271
790,1.6300000000000001,3981.3793593238315
792,1.6340000000000001,4006.572448770742
792,1.6340000000000001,4006.572448770742
793,1.6360000000000001,4019.2048168084457
795,1.6400000000000001,4044.5412748426697
796,1.6420000000000001,4057.245394942858
799,1.6480000000000001,4095.50149999918
801,1.6520000000000001,4121.125507497618
801,1.6520000000000001,4121.125507497618
801,1.6520000000000001,4121.125507497618
803,1.6560000000000001,4146.8456049430015
803,1.6560000000000001,4146.8456049430015
804,1.6580000000000001,4159.741724843188
807,1.6640000000000001,4198.574548777591
808,1.6660000000000001,4211.567027980576
809,1.6680000000000001,4224.5836343462925
813,1.6760000000000002,4276.891629625046
813,1.6760000000000002,4276.891629625046
815,1.6800000000000002,4303.190777628737
816,1.6820000000000002,4316.376691276263
816,1.6820000000000002,4316.376691276263
817,1.6840000000000002,4329.586851160231
820,1.6900000000000002,4369.362956616652
824,1.6980000000000002,4422.738110649237
827,1.7040000000000002,4463.025254011857
827,1.7040000000000002,4463.025254011857
828,1.7060000000000002,4476.503100154323
830,1.7100000000000002,4503.532078450219
830,1.7100000000000002,4503.532078450219
830,1.7100000000000002,4503.532078450219
832,1.7140000000000002,4530.658869618362
834,1.718,4557.883591363864
834,1.718,4557.883591363864
835,1.72,4571.532712947321
835,1.72,4571.532712947321
836,1.722,4585.206361250535
837,1.724,4598.904550946988
838,1.726,4612.627296701392
839,1.728,4626.374613169707
839,1.728,4626.374613169707
840,1.73,4640.146514999156
842,1.734,4667.764133286764
845,1.74,4709.37531660664
845,1.74,4709.37531660664
851,1.752,4793.264249365053
852,1.754,4807.332314852532
854,1.758,4835.54278531511
854,1.758,4835.54278531511
855,1.76,4849.685219334755
857,1.764,4878.044557498401
859,1.768,4906.503285792548
860,1.77,4920.769957443637
860,1.77,4920.769957443637
860,1.77,4920.769957443637
862,1.774,4949.377988090293
863,1.776,4963.719375995234
863,1.776,4963.719375995234
864,1.778,4978.085698213534
864,1.778,4978.085698213534
866,1.782,5006.893203316892
866,1.782,5006.893203316892
866,1.782,5006.893203316892
868,1.786,5035.800618770371
869,1.788,5050.291828895133
871,1.792,5079.349325901586
873,1.796,5108.507021101996
876,1.802,5152.431686837779
877,1.804,5167.1234655782855
879,1.808,5196.582444272735
880,1.81,5211.349672854971
880,1.81,5211.349672854971
880,1.81,5211.349672854971
882,1.814,5240.959679999178
882,1.814,5240.959679999178
882,1.814,5240.959679999178
884,1.818,5270.670515701326
885,1.82,5285.563779950644
886,1.822,5300.482294150121
887,1.824,5315.426072553189
888,1.826,5330.395129405242
889,1.828,5345.389478943653
890,1.83,5360.409135397778
891,1.832,5375.454112988988
891,1.832,5375.454112988988
892,1.834,5390.524425930664
893,1.836,5405.620088428215
895,1.84,5435.887518872836
898,1.846,5481.479140887415
900,1.85,5512.000705062929
902,1.854,5542.624120886119
903,1.856,5557.974058496417
904,1.858,5573.349501399955
905,1.86,5588.750463707552
906,1.862,5604.176959522221
907,1.864,5619.629002939193
907,1.864,5619.629002939193
907,1.864,5619.629002939193
909,1.868,5650.609788922122
909,1.868,5650.609788922122
909,1.868,5650.609788922122
910,1.87,5666.138559639729
911,1.872,5681.6929342629655
911,1.872,5681.6929342629655
911,1.872,5681.6929342629655
911,1.872,5681.6929342629655
911,1.872,5681.6929342629655
912,1.874,5697.272926848331
914,1.8780000000000001,5728.509822092897
919,1.8880000000000001,5807.051357015559
919,1.8880000000000001,5807.051357015559
922,1.8940000000000001,5854.484927552893
923,1.8960000000000001,5870.347643254815
923,1.8960000000000001,5870.347643254815
924,1.8980000000000001,5886.236144999159
924,1.8980000000000001,5886.236144999159
925,1.9000000000000001,5902.150446743187
925,1.9000000000000001,5902.150446743187
931,1.9120000000000001,5998.178837858229
932,1.9140000000000001,6014.274129771083
937,1.9240000000000002,6095.139537826738
939,1.9280000000000002,6127.66746930908
941,1.9320000000000002,6160.299434623478
941,1.9320000000000002,6160.299434623478
942,1.9340000000000002,6176.654464558027
945,1.9400000000000002,6225.875909328373
945,1.9400000000000002,6225.875909328373
946,1.9420000000000002,6242.335221936135
947,1.9440000000000002,6258.820639715494
948,1.9460000000000002,6275.332176453181
949,1.9480000000000002,6291.869845928654
952,1.9540000000000002,6341.6397884675025
953,1.9560000000000002,6358.282126543627
954,1.9580000000000002,6374.950666146124
955,1.9600000000000002,6391.64542101105
959,1.9680000000000002,6458.686867564669
960,1.97,6475.512904531228
961,1.972,6492.365239025891
962,1.974,6509.243884734597
964,1.978,6543.080164502325
966,1.982,6577.02185317982
969,1.988,6628.132266816185
970,1.99,6645.221894079528
970,1.99,6645.221894079528
970,1.99,6645.221894079528
972,1.994,6679.480464427399
972,1.994,6679.480464427399
973,1.996,6696.649434735487
974,1.998,6713.844879937052
981,2.012,6834.955434409141
983,2.016,6869.797497720605
987,2.024,6939.8010587831795
987,2.024,6939.8010587831795
989,2.028,6974.962772770414
990,2.03,6992.5836603757525
994,2.038,7063.3343960892535
997,2.044,7116.678369412585
998,2.046,7134.51327444289
1000,2.05,7170.263535976479
1004,2.058,7242.086240548236
1005,2.06,7260.109116012489
1007,2.064,7296.235599830874
1008,2.066,7314.339234931042
1009,2.068,7332.46981664482
1012,2.074,7387.0233749991585
1013,2.076,7405.261876665689
1016,2.082,7460.139514931199
1016,2.082,7460.139514931199
1020,2.09,7533.68850722016
1020,2.09,7533.68850722016
1021,2.092,7552.143488215004
1023,2.096,7589.134822678632
1024,2.098,7607.671202683368
1026,2.102,7644.825454529961
1026,2.102,7644.825454529961
1028,2.106,7682.088450472316
1029,2.1079999999999997,7700.760760572569
1030,2.11,7719.460296395685
1031,2.1119999999999997,7738.187071161245
1033,2.1159999999999997,7775.722390365962
1036,2.122,7832.229991362645
1036,2.122,7832.229991362645
1040,2.13,7907.955974525107
1044,2.138,7984.119890154504
1046,2.142,8022.366335509333
1047,2.1439999999999997,8041.530726012556
1047,2.1439999999999997,8041.530726012556
1054,2.158,8176.451148657807
1058,2.166,8254.154439999176
1063,2.1759999999999997,8351.904798464026
1064,2.178,8371.537833025195
1065,2.1799999999999997,8391.198552238893
1081,2.2119999999999997,8709.545762254718
1081,2.2119999999999997,8709.545762254718
1083,2.2159999999999997,8749.840364868465
1094,2.238,8973.460480256319
1100,2.25,9096.865670896826
1104,2.258,9179.698604999161
1106,2.262,9221.28422095324
1107,2.264,9242.119360831819
1117,2.284,9452.025965719416
1119,2.288,9494.347265757577
1121,2.292,9536.782129163508
1141,2.332,9967.399011006411
1146,2.342,10076.841076045435
1154,2.3579999999999997,10253.443051241042
1161,2.372,10409.483199422617
1165,2.38,10499.28493128744
1168,2.3859999999999997,10566.940353345988
1181,2.412,10863.134718947402
1181,2.412,10863.134718947402
1181,2.412,10863.134718947402
1181,2.412,10863.134718947402
1189,2.428,11047.856421178043
1190,2.4299999999999997,11071.07819716525
1191,2.432,11094.329250447197
1191,2.432,11094.329250447197
1192,2.4339999999999997,11117.609593317527
1194,2.4379999999999997,11164.258196972085
1199,2.448,11281.393133468442
1203,2.456,11375.629988554345
1206,2.4619999999999997,11446.616672483095
1207,2.464,11470.33783092361
1208,2.4659999999999997,11494.088474953616
1211,2.472,11565.517442623604
1219,2.488,11757.295095740394
1223,2.496,11853.894694806235
1230,2.51,12024.08715098325
1231,2.512,12048.519322501967
1234,2.518,12121.994548436158
1238,2.526,12220.378960504744
1259,2.568,12744.753708382843
1263,2.576,12846.136907395705
1274,2.598,13127.43132841888
1274,2.598,13127.43132841888
1281,2.6119999999999997,13308.34430065836
1287,2.6239999999999997,13464.597058145635
1288,2.626,13490.745678740994
1288,2.626,13490.745678740994
1298,2.646,13753.909050290638
1310,2.67,14073.74221901059
1315,2.6799999999999997,14208.310365806203
1317,2.6839999999999997,14262.352974346872
1320,2.69,14343.647911491076
1330,2.71,14616.637039943782
1362,2.774,15511.058399006628
1362,2.774,15511.058399006628
1367,2.784,15653.699323639097
1379,2.808,15999.240859764337
1383,2.816,16115.428898551818
1417,2.884,17123.489329381424
1418,2.8859999999999997,17153.6950593385
1439,2.928,17795.415024691552
1442,2.9339999999999997,17888.245861936084
1490,3.03,19413.189739681256
1491,3.032,19445.75776705044
1498,3.046,19674.65213649809
1499,3.048,19707.482632072784
1519,3.088,20371.007245097102
1522,3.094,20471.674937143358
1525,3.1,20572.640609367536
1532,3.114,20809.387637445434
1536,3.122,20945.402199060583
1551,3.1519999999999997,21460.202115148033
1557,3.1639999999999997,21668.225675773203
1586,3.222,22690.709421621512
1613,3.276,23668.222522763725
1623,3.296,24036.55885368331
1661,3.372,25467.507052486184
1682,3.4139999999999997,26279.68431999917
1721,3.492,27828.80785173271
1727,3.504,28071.872163304717
1737,3.524,28479.80184049832
1739,3.528,28561.811883727914
1754,3.558,29181.405025261312
1755,3.56,29222.995192849343
1779,3.608,30231.848129512473
1806,3.662,31391.458954795224
1808,3.666,31478.399519400016
1815,3.6799999999999997,31783.82869334965
1822,3.694,32091.029445475855
1827,3.7039999999999997,32311.54508415031
1833,3.7159999999999997,32577.361000102035
1865,3.78,34017.188717800615
1873,3.796,34382.99690818074
1886,3.822,34982.45076737298
1890,3.83,35168.15017626251
2074,4.1979999999999995,44358.4462803706
3019,6.088,113369.21991032702
3568,7.186,172132.99001837036
3905,7.86,215694.19648643606
4061,8.172,237882.1696860688
